EPPIid,Author,Year,Title,Country1,Country2,StudySite1,StudySite2,FirstAuthor,LastAuthor,CorrespondingAuthor,StudyDesignLevel1,StudyDesignLevel2_1,StudyDesignLevel2_2,SampleSize,NumDataLossQualityIssue,MaleN,FemaleN,AgeAtBirthMin,AgeAtBirthMax,AgeAtBirthAvg,AgeAtStudyMin,AgeAtStudyMax,AgeAtStudyAvg,Stimulus1,Stimulus2,Stimulus3,Stimulus4,Stimulus5,Stimulus6,BodyLocation1,BodyLocation2,BodyLocation3,BodyLocation4,PharmacologicalModifier1,PharmacologicalModifier2,ElectrodePlacementMethod,ElectrodePlacementSystem1,ElectrodePlacementSystem2,e_position1,e_position2,e_position3,e_position4,e_position5,e_position6,e_position7,e_position8,e_position9,e_position10,e_position11,e_position12,e_position13,e_position14,e_position15,e_position16,e_position17,e_position18,e_position19,e_position20,e_position21,e_position22,e_position23,e_position24,e_position25,e_position26,e_position27,e_position28,e_position29,e_position30,e_position31,e_position32,e_position33,Montage,SamplingRateHz1,SamplingRateHz2,OutcomeDomain1,OutcomeDomain2,OutcomeDomain3,Outcome_Domain,ClinicalPainScale1,ClinicalPainScale2,NonEEGRecording1,NonEEGRecording2,NonEEGRecording3,NonEEGRecording4,NonEEGRecording5,NonEEGRecording6,NonEEGRecording7,NonEEGRecording8,NonEEGRecording9,NonEEGRecording10,NonEEGRecording11,PersonToContactForData,PersonToContactForAuthorship,ReproducibleEpochRejectionMethod,EpochRejMethod,AmplitudeThreshold,Author_year,RecordType,AnalysisGrouping
96455997,Worley,2023,The PiNe box: Development and validation of an electronic device to time-lock multimodal responses to sensory stimuli in hospitalised infants,GBR,,John Radcliffe Hospital,,Alan Worley,Caroline Hartley,Caroline Hartley,Observational,Cross-sectional,,50,0,NaN,NaN,NaN,NaN,35.4,NaN,NaN,36.2,Heel lance,,,,,,foot,,,,,,Individual electrodes,Modified 10-20 system,,Cz,CPz,C3,C4,FCz,T7,T8,Oz,Fz,Fpz,,,,,,,,,,,,,,,,,,,,,,,,Referential,2000,NaN,Temporal,,,Temporal,,,Heart rate,Respiratory rate,Oxygen saturation,,,,,,,,,Caroline Hartley,Caroline Hartley,np,Undocumented,,Worley 2023,Peer-reviewed and published methods paper,UndetailedStudy
74144330,Norman,2008,Electroencephalographic Response to Procedural Pain in Healthy Term Newborn Infants,NOR,SWE,Lund University Hospital,Alesund Hospital,Elisabeth Norman,Lena Hellstrom-Westas,Elisabeth Norman,RCT,,,47,3,36,36,37,42,40,NaN,NaN,40.57,Heel lance,Venepuncture,,,,,foot,hand,,,,,Individual electrodes,,,F3,F4,Cz,P3,P4,,,,,,,,,,,,,,,,,,,,,,,,,,,,,,256,NaN,Frequency,,,Frequency,PIPP/PIPP-R,,Heart rate,Oxygen saturation,,,,,,,,,,Elisabeth Norman,Elisabeth Norman,n,Subjective,,Norman 2008,Peer-reviewed and published research article,DetailedStudy
74144629,Pavel,2019,The effect of music therapy on the electroencephalogram (EEG) and heart rate variability (HRV) of premature infants during routine painful procedures,IRL,,Cork University Maternity Hospital,,Andreea Pavel,Geraldine Boylan,,RCT,,,21,NaN,8,13,NaN,32,NaN,NaN,NaN,NaN,Venepuncture,,,,,,,,,,Music therapy,,,,,,,,,,,,,,,,,,,,,,,,,,,,,,,,,,,,,,,NaN,NaN,,,,,,,Heart rate,,,,,,,,,,,Geraldine Boylan,Geraldine Boylan,np,Undocumented,,Pavel 2019,Abstract,DetailedStudy
74144660,Abdelsami Awad,2018,Analysis of pain effect on EEG recordings and oral sucrose suckling effect on pain reduction in neonates,EGY,,Ain Shams University,,H. Abdelsami Awad,L. Taher Bassiouny,H. Abdelsami Awad,Observational,Cross-sectional,,21,NaN,NaN,NaN,NaN,NaN,NaN,NaN,NaN,NaN,Heel lance,,,,,,foot,,,,Sucrose,,,,,F3,F4,,,,,,,,,,,,,,,,,,,,,,,,,,,,,,,,,NaN,NaN,Frequency,,,Frequency,NIPS,,Oxygen saturation,Blood glucose,Heart rate,,,,,,,,,H. Abdelsami Awad,H. Abdelsami Awad,np,Undocumented,,Abdelsami 2018,Abstract,DetailedStudy
74145563,Askari,2021,Lighting Up Babies' Brains: Development of a Combined NIRS/EEG System for Infants,CAN,,British Columbia Women's Hospital,,Shahbaz Askari,Guy Dumont,,Observational,Cross-sectional,,9,NaN,NaN,NaN,27,35,NaN,NaN,NaN,NaN,Heel lance,,,,,,foot,,,,,,Novel EEG/ NIRS probe (Ag/AgCl customised EEG electrodes and probes),,,,,,,,,,,,,,,,,,,,,,,,,,,,,,,,,,,,Referential,NaN,NaN,Temporal,,,Temporal,,,NIRS,Video recording of sleep and behavioural state,,,,,,,,,,Guy Dumont,Guy Dumont,np,Undocumented,,Askari 2021,Conference proceeding,DetailedStudy
74144888,Fabrizi,2010,Development of a cortical electrophysiological response to noxious stimulation in human infants,GBR,,Elizabeth Garrett Anderson Wing,,Lorenzo Fabrizi,Maria Fitzgerald,,Observational,Cross-sectional,,62,NaN,NaN,NaN,NaN,NaN,NaN,28,46,NaN,Heel lance,,,,,,foot,,,,,,,,,CPz,Cz,,,,,,,,,,,,,,,,,,,,,,,,,,,,,,,,,NaN,NaN,Time-frequency,,,Time-frequency,,,,,,,,,,,,,,Maria Fitzgerald,Maria Fitzgerald,np,Undocumented,,Fabrizi 2010,Abstract,DetailedStudy
74144316,Slater,2010,Evoked potentials generated by noxious stimulation in the human infant brain,GBR,,Elizabeth Garrett Anderson Wing,,Rebeccah Slater,Maria Fitzgerald,Rebeccah Slater,Observational,Cross-sectional,,12,2,8,4,34.7,39,36.4,35.9,39.7,37.3,Heel lance,,,,,,foot,,,,,,Individual electrodes,Modified 10-20 system,,Fz,Fp1,Fp2,F7,F8,Cz,CPz,C3,C4,CP3,CP4,T7,T8,P7,P8,O1,O2,FCz,,,,,,,,,,,,,,,,Referential,2000,NaN,Temporal,,,Temporal,,,Video recording of facial expression,Video recording of sleep and behavioural state,,,,,,,,,,Lorenzo Fabrizi,Lorenzo Fabrizi,n,Subjective,,Slater 2010,Peer-reviewed and published research article,DetailedStudy
74144313,Slater,2010,Premature infants display increased noxious-evoked neuronal activity in the brain compared to healthy age-matched term-born infants,GBR,,Elizabeth Garrett Anderson Wing,,Rebeccah Slater,Maria Fitzgerald,Rebeccah Slater,Observational,Cross-sectional,,17,2,9,6,24,40.6,32.75,37.6,41.4,39.2,Heel lance,,,,,,foot,,,,,,Individual electrodes,Modified 10-20 system,,Fz,Fp1,Fp2,F7,F8,Cz,CPz,C3,C4,CP3,CP4,T7,T8,P7,P8,O1,O2,FCz,,,,,,,,,,,,,,,,Referential,2000,NaN,Temporal,,,Temporal,,,Video recording of facial expression,Video recording of sleep and behavioural state,Respiratory rate,Heart rate,,,,,,,,Lorenzo Fabrizi,Lorenzo Fabrizi,y,Objective,Voltage change greater 100 microV that occurred within 100 ms,Slater 2010b,Peer-reviewed and published research article,DetailedStudy
74144308,Slater,2010,Oral sucrose as an analgesic drug for procedural pain in newborn infants: a randomised controlled trial,GBR,,Elizabeth Garrett Anderson Wing,,Rebeccah Slater,"Judith Meek, Maria Fitzgerald",Rebeccah Slater,RCT,Block randomised,,58,7,26,18,37,43,39.8,NaN,44,40.2,Heel lance,,,,,,foot,,,,Sucrose,,Cap,Modified 10-20 system,,Fz,Fp1,Fp2,F3,F4,F7,F8,FT9,FT10,FC5,FC6,Cz,CPz,C3,C4,CP3,CP4,CP5,CP6,Pz,POz,P3,P4,P9,P10,PO7,PO8,T7,T8,Oz,O1,O2,FCz,Referential,2000,NaN,Temporal,,,Temporal,PIPP/PIPP-R,,Video recording of facial expression,EMG,Heart rate,Oxygen saturation,Video recording of sleep and behavioural state,,,,,,,Lorenzo Fabrizi,Lorenzo Fabrizi,y,Objective,Voltage change greater than 50 microV over 50 ms,Slater 2010c,Peer-reviewed and published research article,DetailedStudy
74144299,Fabrizi,2011,A Shift in Sensory Processing that Enables the Developing Human Brain to Discriminate Touch from Pain,GBR,,Elizabeth Garrett Anderson Wing,,Lorenzo Fabrizi,Maria Fitzgerald,Lorenzo Fabrizi,Observational,Cross-sectional,,46,NaN,28,18,24,41,35.1,28,45,37.3,Heel lance,,,,,,foot,,,,,,Individual electrodes,Modified 10-20 system,,F7,F8,Cz,CPz,C3,C4,CP3,CP4,T7,T8,P7,P8,O1,O2,FCz,,,,,,,,,,,,,,,,,,,Referential,2000,NaN,Temporal,,,Temporal,,,,,,,,,,,,,,Rebeccah Slater,Rebeccah Slater,np,Undocumented,,Fabrizi 2011,Peer-reviewed and published research article,DetailedStudy
74144298,Fabrizi,2011,Electrophysiological Measurements and Analysis of Nociception in Human Infants,GBR,,Elizabeth Garrett Anderson Wing,,"Lorenzo Fabrizi, Alan Worley",Rebeccah Slater,,Observational,Cross-sectional,,23,NaN,NaN,NaN,NaN,NaN,NaN,NaN,NaN,NaN,Heel lance,,,,,,foot,,,,,,Individual electrodes,Modified 10-20 system,,Cz,CPz,FCz,Fz,Fp1,Fp2,F7,F8,T7,T8,C3,C4,CP3,CP4,P7,P8,O1,O2,FCz,,,,,,,,,,,,,,,Referential,NaN,NaN,Temporal,,,Temporal,,,EMG,,,,,,,,,,,Lorenzo Fabrizi,Lorenzo Fabrizi,y,Objective,Change in amplitude greater than 50 microV in less than 50ms,Fabrizi 2011b,Peer-reviewed and published methods paper,UndetailedStudy
74144294,Worley,2012,Multi-modal pain measurements in infants,GBR,,Elizabeth Garrett Anderson Wing,,Alan Worley,Rebeccah Slater,Alan Worley,Observational,Cross-sectional,,NaN,NaN,NaN,NaN,NaN,NaN,NaN,NaN,NaN,NaN,Heel lance,,,,,,foot,,,,,,Individual electrodes,10-20 system,,FCz,,,,,,,,,,,,,,,,,,,,,,,,,,,,,,,,,Referential,2000,NaN,Temporal,,,Temporal,,,Video recording of facial expression,EMG,Heart rate,Oxygen saturation,NIRS,,,,,,,Rebeccah Slater,Rebeccah Slater,np,Undocumented,,Worley 2012,Peer-reviewed and published methods paper,UndetailedStudy
74144250,Verriotis,2015,Cortical activity evoked by inoculation needle prick in infants up to one-year old,GBR,,Elizabeth Garrett Anderson Wing,,Madeleine Verriotis,Maria Fitzgerald,Madeleine Verriotis,Observational,Cross-sectional,Longitudinal,12,0,6,6,NaN,NaN,38.9,NaN,NaN,44.5,Immunisation,,,,,,thigh,,,,,,Individual electrodes,Modified 10-20 system,,Fp1,Fp2,Fz,F3,F4,Cz,C3,C4,CPz,CP3,CP4,T7,T8,P7,P8,O1,O2,POz,FCz,,,,,,,,,,,,,,,Referential,2000,NaN,Temporal,,,Temporal,MBPS,,Video recording of facial expression,Video recording of movement,,,,,,,,,,Madelaine Verriotis,Madelaine Verriotis,y,Objective,Activity exceeding plus-minus 100 microV,Verriotis 2015,Peer-reviewed and published research article,DetailedStudy
74144238,Fabrizi,2016,Encoding of mechanical nociception differs in the adult and infant brain,GBR,,Elizabeth Garrett Anderson Wing,,Lorenzo Fabrizi,Maria Fitzgerald,Lorenzo Fabrizi,Observational,Cross-sectional,,18,4,12,6,37,42,NaN,NaN,NaN,NaN,Heel lance,,,,,,foot,,,,,,Individual electrodes,Modified 10-20 system,,Fp1,Fp2,F7,F8,Fz,Cz,CPz,C3,C4,CP3,CP4,T7,T8,P7,P8,O1,O2,FCz,,,,,,,,,,,,,,,,Referential,2000,NaN,Time-frequency,,,Time-frequency,,,,,,,,,,,,,,Lorenzo Fabrizi,Lorenzo Fabrizi,y,Objective,Signal exceeding plus-minus 100 microV at any time point or larger than 2* SD of the baseline period for more than three-fourths of the epoch length,Fabrizi 2016,Peer-reviewed and published research article,DetailedStudy
74144236,Verriotis,2016,Mapping Cortical Responses to Somatosensory Stimuli in Human Infants with Simultaneous Near-Infrared Spectroscopy and Event-Related Potential Recording,GBR,,Elizabeth Garrett Anderson Wing,,Madeleine Verriotis,Judith Meek,Madeleine Verriotis,Observational,Cross-sectional,,30,NaN,21,15,36.3,42,39,36.6,43.3,39.2,Heel lance,,,,,,foot,,,,,,Individual electrodes,Modified 10-20 system,,Fp1,Fp2,Fz,F3,F4,Cz,C3,C4,CPz,CP3,CP4,T7,T8,P7,P8,O1,O2,POz,FCz,,,,,,,,,,,,,,,Referential,2000,NaN,Temporal,,,Temporal,,,NIRS,,,,,,,,,,,Judith Meek,Judith Meek,y,Objective,Activity exceeding plus-minus 100 microV,Verriotis 2016,Peer-reviewed and published research article,DetailedStudy
74144685,Jones,2017,Behavioural and cortical pain responses in human infants are dissociable by their relationship to physiological stress,GBR,,Elizabeth Garrett Anderson Wing,,Laura Jones,Maria Fitzgerald,Laura Jones,Observational,Cross-sectional,,66,NaN,NaN,NaN,NaN,NaN,38.8,NaN,NaN,NaN,Heel lance,,,,,,foot,,,,,,Individual electrodes,10-20 system,,F7,F3,T7,O1,F4,F8,T8,O2,C3,Cz,C4,CPz,CP3,CP4,TP9,TP10,P7,P8,FCz,Fz,,,,,,,,,,,,,,Referential,2000,NaN,Temporal,,,Temporal,PIPP/PIPP-R,,Heart rate,Salivary cortisol,,,,,,,,,,Lorenzo Fabrizi,Lorenzo Fabrizi,y,Objective,Signal exceeding plus-minus 100 microV,Jones 2017,Abstract,MultiPublication
74144222,Jones,2017,Nociceptive Cortical Activity Is Dissociated from Nociceptive Behavior in Newborn Human Infants under Stress,GBR,,Elizabeth Garrett Anderson Wing,,Laura Jones,Maria Fitzgerald,Maria Fitzgerald,Observational,Cross-sectional,,49,0,29,27,NaN,NaN,38.16,36,42,38.71,Heel lance,,,,,,foot,,,,,,Individual electrodes,Modified 10-20 system,,F7,F3,T7,O1,F4,F8,T8,O2,C3,Cz,C4,CPz,CP3,CP4,TP9,TP10,P7,P8,FCz,Fz,,,,,,,,,,,,,,Referential,2000,NaN,Temporal,,,Temporal,PIPP/PIPP-R,,Video recording of facial expression,Heart rate,Salivary cortisol,Oxygen saturation,,,,,,,,Maria Fitzgerald,Maria Fitzgerald,y,Objective,Signal exceeding plus-minus 100 microV,Jones 2017b,Peer-reviewed and published research article,DetailedStudy
74144206,Jones,2018,"EEG, behavioural and physiological recordings following a painful procedure in human neonates",GBR,,Elizabeth Garrett Anderson Wing,,Laura Jones,Lorenzo Fabrizi,Laura Jones,Observational,Cross-sectional,,112,0,60,52,23,42,35,29,47,36,Heel lance,,,,,,foot,,,,,,Individual electrodes,Modified 10-10 system,,O1,O2,T7,T8,F7,F3,F4,FCz,F8,P7,P8,TP9,TP10,POz,C3,Cz,C4,CP3,CPz,CP4,Fz,,,,,,,,,,,,,Referential,2000,NaN,Temporal,,,Temporal,PIPP/PIPP-R,,Video recording of facial expression,Heart rate,Oxygen saturation,Respiratory rate,,,,,,,,Laura Jones,Laura Jones,y,Objective,Signal exceeding plus-minus 100 microV,Jones 2018,Peer-reviewed and published research article,DetailedStudy
74144207,Verriotis,2018,The distribution of pain activity across the human neonatal brain is sex dependent,GBR,,Elizabeth Garrett Anderson Wing,,"Madeleine Verriotis, Laura Jones",Maria Fitzgerald,Maria Fitzgerald,Observational,Cross-sectional,,81,2,47,34,29,42,36,29,43,37,Heel lance,,,,,,foot,,,,,,Individual electrodes,Modified 10-10 system,,Fp1,Fp2,F3,F4,F7,F8,FCz,Cz,C3,C4,T7,T8,CPz,CP3,CP4,TP9,TP10,P7,P8,POz,O1,O2,Fz,,,,,,,,,,,Referential,2000,NaN,Temporal,,,Temporal,,,,,,,,,,,,,,Maria Fitzgerald,Maria Fitzgerald,y,Objective,Activity exceeding plus-minus 100 microV,Verriotis 2018,Peer-reviewed and published research article,DetailedStudy
74144175,Jones,2021,The impact of parental contact upon cortical noxious-related activity in human neonates,GBR,,Elizabeth Garrett Anderson Wing,,Laura Jones,Rebecca Pillai Riddell,Laura Jones,Observational,Cross-sectional,,27,NaN,15,12,23,41,34,NaN,NaN,36.76,Heel lance,,,,,,foot,,,,Parental holding,,Individual electrodes,10-20 system,,F7,F8,F3,F4,Cz,C3,C4,T7,T8,P7,P8,O1,O2,CPz,CP3,CP4,TP9,TP10,Fz,,,,,,,,,,,,,,,Referential,2000,NaN,Temporal,,,Temporal,,,Video recording of facial expression,Heart rate,,,,,,,,,,Lorenzo Fabrizi,Lorenzo Fabrizi,y,Objective,Signal exceeding plus-minus 150 microV,Jones 2021,Peer-reviewed and published research article,DetailedStudy
74144486,Rupawala,2022,Developmental switch in prediction and adaptation to pain in human neonates,GBR,,Elizabeth Garrett Anderson Wing,,Mohammed Rupawala,"Laura Jones, Lorenzo Fabrizi","Laura Jones, Mohammed Rupawala",Observational,Cross-sectional,,21,0,12,9,24,41,34.5,32,44,36.5,Heel lance,,,,,,foot,,,,,,Individual electrodes,10-20 system,,Fz,F3,F4,F7,F8,Cz,C3,C4,T7,T8,CPz,CP3,CP4,TP9,TP10,P7,P8,O1,O2,FCz,,,,,,,,,,,,,,Referential,2000,NaN,Temporal,,,Temporal,,,EMG,Heart rate,Video recording of facial expression,,,,,,,,,Lorenzo Fabrizi,Lorenzo Fabrizi,np,Undocumented,,Rupawala 2022,Preprint,MultiPublication
96453830,Rupawala,2023,A developmental shift in habituation to pain in human neonates,GBR,,Elizabeth Garrett Anderson Wing,,Mohammed Rupawala,"Laura Jones, Lorenzo Fabrizi",Lorenzo Fabrizi,Observational,Cross-sectional,,20,NaN,11,9,24,41,34.93,32,44,36.79,Heel lance,,,,,,foot,,,,,,Individual electrodes,10-20 system,,Fz,F3,F4,F7,F8,Cz,C3,C4,T7,T8,CPz,CP3,CP4,TP9,TP10,P7,P8,O1,O2,FCz,,,,,,,,,,,,,,Referential,2000,NaN,Temporal,,,Temporal,,,EMG,Heart rate,Video recording of facial expression,,,,,,,,,Lorenzo Fabrizi,Lorenzo Fabrizi,np,Undocumented,,Rupawala 2023,Peer-reviewed and published research article,DetailedStudy
96455957,Talebi,2022,A Novel Channel Selection Approach for Human Neonate's Pain EEG Data Analysis,GBR,,Elizabeth Garrett Anderson Wing,,Safa Talebi,Behzad Tazehkand,Safa Talebi,Observational,Cross-sectional,,18,0,NaN,NaN,NaN,NaN,NaN,NaN,NaN,NaN,Heel lance,,,,,,foot,,,,,,Individual electrodes,Modified 10-10 system,,O1,O2,T7,T8,F7,F3,F4,FCz,F8,P7,P8,TP9,TP10,POz,C3,Cz,C4,CP3,CPz,CP4,Fz,FC1,FC2,,,,,,,,,,,Referential,2000,NaN,Frequency,,,Frequency,PIPP/PIPP-R,,,,,,,,,,,,,Lorenzo Fabrizi,Safa Talebi,np,Undocumented,,Talebi 2022,Preprint,MultiPublication
74144166,Benoit,2021,The influence of breastfeeding on cortical and bio-behavioural indicators of procedural pain in newborns: Findings of a randomized controlled trial,CAN,,IWK Health Centre,,Britney Benoit,Marsha Campbell-Yeo,Britney Benoit,RCT,Block randomised,,37,9,23,16,37,NaN,39.4,NaN,NaN,39.5,Heel lance,,,,,,foot,,,,Breastfeeding,Sucrose,Cap,32-channel Geodesic system,,Pz,,,,,,,,,,,,,,,,,,,,,,,,,,,,,,,,,Referential,1000,NaN,Temporal,,,Temporal,PIPP/PIPP-R,,Heart rate,Video recording of facial expression,Oxygen saturation,,,,,,,,,Britney Benoit,Britney Benoit,y,Objective,Voltage change > 100 microV over 50-milliseconds,Benoit 2021,Peer-reviewed and published research article,DetailedStudy
74144150,Campbell-Yeo,2022,The influence of skin-to-skin contact on Cortical Activity during Painful procedures in preterm infants in the neonatal intensive care unit (iCAP mini): study protocol for a randomized control trial,CAN,,IWK Health Centre,,Marsha Campbell-Yeo,Arlene Jiang,Marsha Campbell-Yeo,RCT,Block randomised,,126,NaN,NaN,NaN,32,36,NaN,NaN,NaN,NaN,Heel lance,,,,,,foot,,,,Sucrose,Skin-to-skin contact,Cap,32-channel Geodesic system,,Cz,,,,,,,,,,,,,,,,,,,,,,,,,,,,,,,,,Referential,1000,NaN,Temporal,,,Temporal,PIPP/PIPP-R,,Video recording of facial expression,Heart rate,Oxygen saturation,Respiratory rate,,,,,,,,Marsha Campbell-Yeo,Marsha Campbell-Yeo,y,Objective,Peak-to-peak signal amplitudes exceeding 150 microV,Campbell-Yeo 2022,Peer-reviewed and published protocol,UndetailedStudy
74144726,Menser,2016,Assessment of neonatal pain: Correlations between cortical somatosensory processing and cry acoustics,USA,,Nationwide Children's Hospital,,Carrie Menser,Nathalie Maitre,,Observational,Cross-sectional,,54,NaN,NaN,NaN,NaN,NaN,NaN,NaN,NaN,NaN,Heel lance,,,,,,foot,,,,,,Cap,128-channel Geodesic system,,Cz,,,,,,,,,,,,,,,,,,,,,,,,,,,,,,,,,Referential,1000,NaN,Temporal,,,Temporal,,,Acoustical recordings of cry,,,,,,,,,,,Nathalie Maitre,Nathalie Maitre,mixed,Mixed,,Menser 2016,Abstract,MultiPublication
74144227,Maitre,2017,Cry presence and amplitude do not reflect cortical processing of painful stimuli in newborns with distinct responses to touch or cold,USA,,Nationwide Children's Hospital,,Nathalie Maitre,Stephen Bruehl,Nathalie Maitre,Observational,Cross-sectional,,34,1,25,29,37,42,39,37,42,39.01,Heel lance,,,,,,foot,,,,,,Cap,128-channel Geodesic system,,Cz,F3,F4,C3,C4,,,,,,,,,,,,,,,,,,,,,,,,,,,,,Referential,1000,NaN,Temporal,,,Temporal,,,Acoustical recordings of cry,,,,,,,,,,,Nathalie Maitre,Nathalie Maitre,mixed,Mixed,,Maitre 2017,Peer-reviewed and published research article,DetailedStudy
98401664,Relland,2024,Vibration-based mitigation of noxious-evoked responses to skin puncture in neonates and infants: a randomised controlled trial,USA,,Nationwide Children's Hospital,,Lance Relland,Nathalie Maitre,Nathalie Maitre,RCT,Block randomised,,134,53,50,31,NaN,NaN,35.85,36,52,39.3,Heel lance,,,,,,foot,,,,Vibration,,Cap,128-channel Geodesic system,,Cz,,,,,,,,,,,,,,,,,,,,,,,,,,,,,,,,,Referential,1000,NaN,Temporal,,,Temporal,,,Video recording of facial expression,Video recording of sleep and behavioural state,,,,,,,,,,Nathalie Maitre,Nathalie Maitre,mixed,Mixed,,Relland 2024,Peer-reviewed and published research article,DetailedStudy
96456016,Castillo,2023,EEG response to a high volume (1.5 mL/kg) caudal block in infants less than 3 months,SWE,,Karolinska University Hospital,,Paul Castillo,Per-Arne Lonnqvist,Paul Castillo,Observational,Cross-sectional,,11,0,NaN,NaN,NaN,NaN,NaN,NaN,NaN,NaN,Lumbar puncture,,,,,,lumbal,,,,Propofol,Sevoflurane,Individual electrodes,10-20 system,,F3,F4,P3,P4,,,,,,,,,,,,,,,,,,,,,,,,,,,,,,Bipolar,246,NaN,Frequency,,,Frequency,,,Heart rate,End-tidal CO2,NIRS,Blood pressure,,,,,,,,Paul Castillo,Paul Castillo,n,Subjective,,Castillo 2023,Peer-reviewed and published research article,DetailedStudy
74146165,Bucsea,2020,Examining the Relationships Between Neonatal Pain-Related Facial Actions and Cortical Activity,GBR,,Elizabeth Garrett Anderson Wing,,Oana Bucsea,,,Observational,Cross-sectional,,78,0,42,36,NaN,NaN,37.075,NaN,NaN,NaN,Heel lance,,,,,,foot,,,,,,Individual electrodes,Modified 10-20 system,,O1,O2,T7,T8,F7,F3,F4,Fz,F8,P7,P8,TP9,TP10,C3,Cz,C4,CP3,CPz,CP4,,,,,,,,,,,,,,,Referential,2000,NaN,Temporal,,,Temporal,NFCS,,Video recording of facial expression,,,,,,,,,,,Lorenzo Fabrizi,Rebecca Pillai Riddell,n,Subjective,,Bucsea 2020,Thesis (Master),MultiPublication
96453831,Bucsea,2023,Clinical thresholds in pain-related facial activity linked to differences in cortical network activation in neonates,GBR,,Elizabeth Garrett Anderson Wing,,"Oana Bucsea, Mohammed Rupawala","Rebecca Pillai Riddell, Laura Jones",Laura Jones,Observational,Cross-sectional,,78,0,42,36,33,40,37.075,NaN,NaN,37.87,Heel lance,,,,,,foot,,,,,,Individual electrodes,10-20 system,,O1,O2,T7,T8,F7,F3,F4,F8,P7,P8,TP9,TP10,C3,Cz,C4,CP3,CPz,CP4,Fz,,,,,,,,,,,,,,,Referential,2000,NaN,Temporal,,,Temporal,,,Video recording of facial expression,,,,,,,,,,,Laura Jones,Laura Jones,np,,,Bucsea 2023,Peer-reviewed and published research article,DetailedStudy
74144253,Hartley,2015,"The relationship between nociceptive brain activity, spinal reflex withdrawal and behaviour in newborn infants",GBR,,John Radcliffe Hospital,,Caroline Hartley,Rebeccah Slater,Caroline Hartley,Observational,Cross-sectional,,10,NaN,NaN,NaN,NaN,NaN,NaN,37,42,NaN,Heel lance,,,,,,foot,,,,,,Individual electrodes,Modified 10-20 system,,Cz,CPz,C3,C4,FCz,Oz,T7,T8,Fz,,,,,,,,,,,,,,,,,,,,,,,,,Referential,2000,NaN,Temporal,,,Temporal,,,EMG,,,,,,,,,,,Caroline Hartley,Caroline Hartley,n,Subjective,,Hartley 2015,Peer-reviewed and published research article,DetailedStudy
74146235,Goksan,2016,Imaging nociceptive brain activity in the newborn infant,GBR,,John Radcliffe Hospital,,Sezgi Goksan,,,Observational,Cross-sectional,,16,NaN,NaN,NaN,37,42,39.6,NaN,NaN,NaN,Heel lance,,,,,,foot,,,,,,Individual electrodes,Modified 10-20 system,,Cz,CPz,C3,C4,FCz,Oz,T7,T8,Fz,Fpz,,,,,,,,,,,,,,,,,,,,,,,,Referential,2000,NaN,Temporal,,,Temporal,,,EMG,,,,,,,,,,,Rebeccah Slater,Rebeccah Slater,n,Subjective,,Goksan 2016,Thesis (DPhil/ Phd),MultiPublication
74144242,Hartley,2016,Changing Balance of Spinal Cord Excitability and Nociceptive Brain Activity in Early Human Development,GBR,,John Radcliffe Hospital,,"Caroline Hartley, Fiona Moultrie",Rebeccah Slater,Rebeccah Slater,Observational,Cross-sectional,,40,4,20,20,NaN,NaN,34.4,28,42,36.4,Heel lance,,,,,,foot,,,,,,Individual electrodes,Modified 10-20 system,,Cz,CPz,C3,C4,FCz,Oz,T7,T8,Fz,Fpz,,,,,,,,,,,,,,,,,,,,,,,,Referential,2000,NaN,Temporal,,,Temporal,,,EMG,,,,,,,,,,,Rebeccah Slater,Rebeccah Slater,np,Undocumented,,Hartley 2016,Peer-reviewed and published research article,DetailedStudy
74144224,Hartley,2017,Nociceptive brain activity as a measure of analgesic efficacy in infants,GBR,,John Radcliffe Hospital,,Caroline Hartley,Rebeccah Slater,Rebeccah Slater,Observational,Cross-sectional,,46,NaN,34,24,34,42,36.33,NaN,NaN,38.2,Heel lance,,,,,,foot,,,,,,Individual electrodes,,,Cz,CPz,C3,C4,T7,T8,FCz,Oz,Fz,Fpz,,,,,,,,,,,,,,,,,,,,,,,,Referential,2000,NaN,Temporal,,,Temporal,,,Video recording of facial expression,Heart rate,,,,,,,,,,Rebeccah Slater,Rebeccah Slater,np,Undocumented,,Hartley 2017,Peer-reviewed and published research article,DetailedStudy
74146149,Green,2018,Measuring pain in the newborn infant,GBR,,John Radcliffe Hospital,,Gabrielle Green,,,Observational,Cross-sectional,,105,4,45,45,NaN,NaN,39.14,34,42,40.2,Heel lance,Venepuncture,,,,,foot,hand,,,Tetracaine,,Individual electrodes,Modified 10-20 system,,Cz,CPz,C3,C4,FCz,Oz,T7,T8,Fz,Fpz,,,,,,,,,,,,,,,,,,,,,,,,Referential,2000,NaN,Temporal,,,Temporal,PIPP/PIPP-R,,Video recording of facial expression,EMG,Heart rate,Oxygen saturation,,,,,,,,Rebeccah Slater,Rebeccah Slater,n,Subjective,,Green 2018,Thesis (DPhil/ Phd),MultiPublication
74144208,Gursul,2018,Stroking modulates noxious-evoked brain activity in human infants,GBR,,John Radcliffe Hospital,,Deniz Gursul,Rebeccah Slater,Rebeccah Slater,Observational,Cross-sectional,,36,4,15,17,NaN,NaN,NaN,NaN,NaN,39.85,Heel lance,,,,,,foot,,,,Brush stroking,,Individual electrodes,Modified 10-20 system,,Cz,CPz,C3,C4,Oz,FCz,T7,T8,Fz,,,,,,,,,,,,,,,,,,,,,,,,,Referential,2000,NaN,Temporal,,,Temporal,,,EMG,Video recording of facial expression,,,,,,,,,,Rebeccah Slater,Rebeccah Slater,np,Undocumented,,Gursul 2018,Peer-reviewed and published research article,DetailedStudy
74144209,Hartley,2018,Analgesic efficacy and safety of morphine in the Procedural Pain in Premature Infants (Poppi) study: randomised placebo-controlled trial,GBR,,John Radcliffe Hospital,,"Caroline Hartley, Fiona Moultrie",Rebeccah Slater,Rebeccah Slater,RCT,Randomised with minimisation algorithm,,30,1,20,10,NaN,32,28.35,34,42,34.7,Heel lance,,,,,,foot,,,,Morphine,,Individual electrodes,Modified 10-20 system,,Cz,CPz,C3,C4,FCz,T7,T8,Oz,Fz,,,,,,,,,,,,,,,,,,,,,,,,,Referential,2000,NaN,Temporal,,,Temporal,PIPP/PIPP-R,,EMG,Heart rate,Respiratory rate,Oxygen saturation,Video recording of facial expression,,,,,,,Rebeccah Slater,Rebeccah Slater,np,Undocumented,,Hartley 2018,Peer-reviewed and published research article,DetailedStudy
74144204,Green,2019,Behavioural discrimination of noxious stimuli in infants is dependent on brain maturation,GBR,,John Radcliffe Hospital,,"Gabrielle Green, Caroline Hartley",Rebeccah Slater,Rebeccah Slater,Observational,Cross-sectional,,49,2,69,53,23,42,31.9,28,42.7,36.5,Heel lance,,,,,,foot,,,,,,Individual electrodes,,,Cz,CPz,C3,C4,FCz,Oz,T7,T8,Fz,,,,,,,,,,,,,,,,,,,,,,,,,Referential,2000,NaN,Temporal,,,Temporal,,,Video recording of facial expression,,,,,,,,,,,Rebeccah Slater,Rebeccah Slater,np,Undocumented,,Green 2019,Peer-reviewed and published research article,DetailedStudy
74144137,Monk,2019,Oral morphine analgesia for preventing pain during invasive procedures in non-ventilated premature infants in hospital: the Poppi RCT,GBR,,John Radcliffe Hospital,,Vaneesha Monk,Rebeccah Slater,Vaneesha Monk,RCT,Randomised with minimisation algorithm,,30,1,20,10,NaN,32,28.35,34,42,34.95,Heel lance,,,,,,foot,,,,Morphine,,Individual electrodes,Modified 10-20 system,,Cz,CPz,C3,C4,FCz,T7,T8,Oz,Fz,,,,,,,,,,,,,,,,,,,,,,,,,Referential,2000,NaN,Temporal,,,Temporal,PIPP/PIPP-R,,EMG,Respiratory rate,Oxygen saturation,Heart rate,Video recording of facial expression,,,,,,,Rebeccah Slater,Rebeccah Slater,n,Subjective,,Monk 2019,Peer-reviewed and published trial report,MultiPublication
74144139,van der Vaart,2019,Multimodal pain assessment improves discrimination between noxious and non-noxious stimuli in infants,GBR,,John Radcliffe Hospital,,Marianne van der Vaart,"Caroline Hartley, Rebeccah Slater",Caroline Hartley,Observational,Cross-sectional,,82,NaN,56,53,NaN,NaN,38.35,34,42,39.55,Heel lance,,,,,,foot,,,,,,Individual electrodes,Modified 10-20 system,,Cz,CPz,C3,C4,FCz,Oz,T7,T8,Fz,,,,,,,,,,,,,,,,,,,,,,,,,Referential,2000,NaN,Temporal,,,Temporal,,,Video recording of facial expression,EMG,Heart rate,Oxygen saturation,,,,,,,,Caroline Hartley,Caroline Hartley,np,Undocumented,,van der Vaart 2019,Peer-reviewed and published research article,DetailedStudy
74144554,Hartley,2021,Predicting severity of adverse cardiorespiratory effects of morphine in premature infants: a post hoc analysis of Procedural Pain in Premature Infants trial data,GBR,,John Radcliffe Hospital,,Caroline Hartley,Rebeccah Slater,Caroline Hartley,Observational,Cross-sectional,,15,0,12,3,NaN,32,28.1,34,42,34.7,Heel lance,,,,,,foot,,,,Morphine,,Individual electrodes,Modified 10-20 system,,Cz,CPz,C3,C4,FCz,Oz,T7,T8,Fz,,,,,,,,,,,,,,,,,,,,,,,,,Referential,2000,NaN,Temporal,,,Temporal,PIPP/PIPP-R,,Heart rate,Respiratory rate,Oxygen saturation,EMG,Video recording of facial expression,,,,,,,Caroline Hartley,Caroline Hartley,np,Undocumented,,Hartley 2021,Peer-reviewed and published research article,DetailedStudy
74144161,Schmidt Mellado,2022,The impact of premature extrauterine exposure on infants' stimulus-evoked brain activity across multiple sensory systems,GBR,,John Radcliffe Hospital,,"Gabriela Schmidt Mellado, Kirubin Pillay","Luke Baxter, Rebeccah Slater","Luke Baxter, Rebeccah Slater",Observational,Cross-sectional,Longitudinal,17,NaN,10,8,27.1,41,31.85,28,41.7,32.95,Heel lance,,,,,,foot,,,,,,Individual electrodes,10-20 system,,Fp1,Fp2,F3,F4,F7,F8,FCz,T7,T8,C3,C4,Cz,CP3,CP4,CPz,P7,P8,P3,P4,Pz,O1,O2,Oz,A1,A2,Fz,,,,,,,,Referential,2000,NaN,Temporal,,,Temporal,,,,,,,,,,,,,,Luke Baxter,Luke Baxter,mixed,Mixed,"Signal amplitudes > 800 microV on any channel, or when stimulation was preceded by spontaneous bursting or other activity in the background, or when EEG activity prior to stimulus was fluctuating > 20 microV",Schmidt 2022,Peer-reviewed and published research article,DetailedStudy
74144132,van der Vaart,2022,"Premature infants display discriminable behavioral, physiological, and brain responses to noxious and nonnoxious stimuli",GBR,,John Radcliffe Hospital,Elizabeth Garrett Anderson Wing,Marianne van der Vaart,"Sean Fitzgibbon, Rebeccah Slater",Rebeccah Slater,Observational,Cross-sectional,,144,4,75,69,NaN,NaN,34.23333333,28,40,35.26666667,Heel lance,,,,,,foot,,,,,,Individual electrodes,10-20 system,Modified 10-10 system,O1,O2,T7,T8,F7,F3,F4,FCz,F8,P7,P8,TP9,TP10,POz,C3,Cz,C4,CP3,CPz,CP4,Fz,Fpz,,,,,,,,,,,,Referential,NaN,NaN,Temporal,,,Temporal,PIPP/PIPP-R,,Video recording of facial expression,EMG,Heart rate,Oxygen saturation,Respiratory rate,,,,,,,Rebeccah Slater,Rebeccah Slater,n,Subjective,,van der Vaart 2022,Peer-reviewed and published research article,DetailedStudy
74144168,Cobo,2021,Quantifying noxious-evoked baseline sensitivity in neonates to optimise analgesic trials,GBR,,John Radcliffe Hospital,,"Maria Cobo, Caroline Hartley","Fiona Moultrie, Rebeccah Slater",Rebeccah Slater,Observational,Cross-sectional,,81,NaN,42,34,NaN,NaN,34.94,33,43,39.24,Heel lance,Immunisation,,,,,foot,thigh,,,Brush stroking,Paracetamol,Individual electrodes,Modified 10-20 system,,Cz,CPz,C3,C4,Oz,FCz,T7,T8,Fz,,,,,,,,,,,,,,,,,,,,,,,,,Referential,2000,NaN,Temporal,,,Temporal,,,EMG,,,,,,,,,,,Rebeccah Slater,Rebeccah Slater,np,Undocumented,,Cobo 2021,Peer-reviewed and published research article,DetailedStudy
74144149,Cobo,2022,Early life inflammation is associated with spinal cord excitability and nociceptive sensitivity in human infants,GBR,,John Radcliffe Hospital,,Maria Cobo,Rebeccah Slater,Rebeccah Slater,Observational,Cross-sectional,Longitudinal,79,9,46,35,NaN,NaN,39.68,NaN,NaN,40.1,Heel lance,,,,,,foot,,,,,,Individual electrodes,Modified 10-20 system,,Cz,CPz,C3,C4,Oz,FCz,T7,T8,Fz,,,,,,,,,,,,,,,,,,,,,,,,,Referential,2000,NaN,Temporal,,,Temporal,PIPP/PIPP-R,,EMG,Video recording of facial expression,Heart rate,Oxygen saturation,,,,,,,,Rebeccah Slater,Rebeccah Slater,np,Undocumented,,Cobo 2022,Peer-reviewed and published research article,DetailedStudy
96455953,Cobo,2022,Developing translational tools for measuring pain in neonates,GBR,,John Radcliffe Hospital,,Maria Cobo,,,Observational,Cross-sectional,Longitudinal,181,27,100,73,NaN,NaN,NaN,NaN,NaN,NaN,Heel lance,Immunisation,,,,,foot,thigh,,,Paracetamol,Brush stroking,Individual electrodes,Modified 10-20 system,,Cz,FCz,CPz,C3,C4,T7,T8,Oz,Fz,,,,,,,,,,,,,,,,,,,,,,,,,Referential,2000,NaN,Temporal,,,Temporal,PIPP/PIPP-R,,EMG,Video recording of facial expression,Heart rate,CRP,Oxygen saturation,,,,,,,Rebeccah Slater,Rebeccah Slater,n,Subjective,,Cobo 2022b,Thesis (DPhil/ Phd),MultiPublication
96453837,Cobo,2022,"Multicentre, randomised controlled trial to investigate the effects of parental touch on relieving acute procedural pain in neonates (Petal)",GBR,,John Radcliffe Hospital,Royal Devon and Exeter Hospital,Maria Cobo,Rebeccah Slater,Rebeccah Slater,RCT,Randomised with minimisation algorithm,,112,NaN,NaN,NaN,35,NaN,NaN,NaN,NaN,NaN,Heel lance,,,,,,foot,,,,Parental stroking,,Individual electrodes,Modified 10-20 system,,Cz,CPz,C3,C4,FCz,T7,T8,Oz,Fz,,,,,,,,,,,,,,,,,,,,,,,,,Referential,2000,2048,Temporal,,,Temporal,PIPP/PIPP-R,,Heart rate,Respiratory rate,Video recording of facial expression,Oxygen saturation,,,,,,,,Rebeccah Slater,Rebeccah Slater,np,Undocumented,,Cobo 2022c,Peer-reviewed and published protocol,MultiPublication
96455961,Baxter,2023,Statistical analysis plan for the Petal trial: the effects of parental touch on relieving acute procedural pain in neonates,GBR,,John Radcliffe Hospital,Royal Devon and Exeter Hospital,"Luke Baxter, Annalisa Hauck","Marianne van der Vaart , Rebeccah Slater",Luke Baxter,RCT,Randomised with minimisation algorithm,,112,NaN,NaN,NaN,NaN,NaN,NaN,NaN,NaN,NaN,Heel lance,,,,,,foot,,,,Parental stroking,,,,,,,,,,,,,,,,,,,,,,,,,,,,,,,,,,,,,,,NaN,NaN,Temporal,,,Temporal,PIPP/PIPP-R,,Heart rate,Video recording of facial expression,Oxygen saturation,,,,,,,,,Rebeccah Slater,Rebeccah Slater,np,Undocumented,,Baxter 2023,Peer-reviewed and published statistical analysis plan,MultiPublication
96453812,Hauck,2024,"Effect of parental touch on relieving acute procedural pain in neonates and parental anxiety (Petal): a multicentre, randomised controlled trial in the UK",GBR,,John Radcliffe Hospital,Royal Devon and Exeter Hospital,"Annalisa Hauck, Marianne van der Vaart","Maria Cobo, Rebeccah Slater",Rebeccah Slater,RCT,Randomised with minimisation algorithm,,108,22,68,44,35,NaN,38.4,NaN,NaN,38.65,Heel lance,,,,,,foot,,,,Parental stroking,,Individual electrodes,Modified 10-20 system,,Cz,CPz,C3,C4,FCz,T7,T8,Oz,Fz,,,,,,,,,,,,,,,,,,,,,,,,,Referential,2000,2048,Temporal,,,Temporal,PIPP/PIPP-R,,Oxygen saturation,Heart rate,Video recording of facial expression,Video recording of sleep and behavioural state,,,,,,,,Rebeccah Slater,Rebeccah Slater,n,Subjective,,Hauck 2024,Peer-reviewed and published research article,DetailedStudy
74144277,Maimon,2013,Electroencephalographic Activity in Response to Procedural Pain in Preterm Infants Born at 28 and 33 Weeks Gestational Age,ISR,,Soroka Medical Centre,,Neta Maimon,Eilon Shany,Ruth Grunau,Observational,Longitudinal,Cross-sectional,65,0,29,20,28,33,30.95,28,33,32.05,Heel lance,,,,,,foot,,,,,,Individual electrodes,10-20 system,,Fp1,Fp2,C3,C4,Pz,,,,,,,,,,,,,,,,,,,,,,,,,,,,,Referential,256,NaN,Frequency,,,Frequency,BIIP,,Video recording of facial expression,Video recording of movement,,,,,,,,,,Eilon Shany,Eilon Shany,n,Subjective,,Maimon 2013,Peer-reviewed and published research article,DetailedStudy
3177980,Norman,2017,Fentanyl and Clonidine for Analgesia During Hypothermia in Term Asphyxiated Infants (SANNI 1),SWE,,Lund University Hospital,Karolinska University Hospital,Elisabeth Norman,,,Observational,Cross-sectional,,49,NaN,NaN,NaN,36,NaN,NaN,NaN,NaN,NaN,Short standardized pain stimulation,,,,,,,,,,Fentanyl,Clonidine,,,,,,,,,,,,,,,,,,,,,,,,,,,,,,,,,,,,,,NaN,NaN,,,,,ALPS-Neo,,Comfort NEO,PIPP/PIPP-R,Heart rate,Blood pressure,Oxygen saturation,NIRS,Galvanic skin response,Serum cortisol,Pharmacogenetic profile,Ultrasound,MRI,Elisabeth Norman,Elisabeth Norman,np,Undocumented,,,Clinical trial registration,OngoingTrial
4928651,Norman,2018,Clonidine for Analgesia to Preterm Infants During Neonatal Intensive Care,SWE,,Lund University Hospital,Karolinska University Hospital,Elisabeth Norman,,,Observational,Cross-sectional,,40,NaN,NaN,NaN,NaN,37,NaN,NaN,NaN,NaN,Short standardized pain stimulation,,,,,,,,,,Clonidine,,,,,,,,,,,,,,,,,,,,,,,,,,,,,,,,,,,,,,,NaN,NaN,,,,,ALPS-Neo,,Comfort NEO,PIPP/PIPP-R,Heart rate,Blood pressure,Oxygen saturation,NIRS,Galvanic skin response,Serum cortisol,Pharmacogenetic profile,Ultrasound,MRI,Elisabeth Norman,Elisabeth Norman,np,Undocumented,,,Clinical trial registration,OngoingTrial
3897452,Fellman,2012,"NeoFent-I Study; Fentanyl Treatment in Newborn Infants; a Pharmacokinetic, Pharmacodynamic and Pharmacogenetic Study",SWE,,Lund University Hospital,,Vineta Fellman,,,Observational,Cross-sectional,,32,NaN,NaN,NaN,NaN,NaN,NaN,NaN,NaN,NaN,Intra-venous line placement,Intra-arterial line placement,Chest tube,,,,chest,,,,Fentanyl,,,,,,,,,,,,,,,,,,,,,,,,,,,,,,,,,,,,,,,NaN,NaN,,,,,PIPP/PIPP-R,,Heart rate,Blood pressure,NIRS,Serum cortisol,,,,,,,,Vineta Fellman,Vineta Fellman,np,Undocumented,,,Clinical trial registration,OngoingTrial
3057782,Cornelissen,2016,Innovative Approaches to Assessment of Pain Control and Sedation in the NICU,USA,,Boston Children's Hospital,,Laura Cornelissen,,,Observational,Cross-sectional,,50,NaN,NaN,NaN,28,NaN,NaN,NaN,NaN,NaN,Surgery,,,,,,,,,,,,Cap,,,,,,,,,,,,,,,,,,,,,,,,,,,,,,,,,,,,,NaN,NaN,Temporal,,,Temporal,PIPP/PIPP-R,,Movement by Micro Movement Sensor,EMG,Facial expression,Heart rate,Respiratory rate,Oxygen saturation,Palmar conductance,Blood pressure,Gross body movement by PICO movement sensor,Subdermal skin flow,,Laura Cornelissen,Laura Cornelissen,np,Undocumented,,,Clinical trial registration,OngoingTrial
5404594,Kuhn,2019,Multimodal Approach to the Ontogenesis of Nociception in Very Preterm and Term Infants (NOCI-Prem),FRA,,Hautepierre Hospital (Strasbourg University Hospital),,,,Pierre Kuhn,RCT,,,80,NaN,NaN,NaN,NaN,NaN,NaN,28,42,NaN,Venepuncture,,,,,,,,,,,,,10-20 system,,,,,,,,,,,,,,,,,,,,,,,,,,,,,,,,,,,,NaN,NaN,,,,,NFCS,,Pain index assessing the sympathetic and parasympathetic system,NIRS,Salivary oxytocin,,,,,,,,,Pierre Kuhn,Pierre Kuhn,np,Undocumented,,,Clinical trial registration,OngoingTrial
4286269,Wang,2020,Effects of Music Based Intervention (MBI) on Pain Response and Neurodevelopment in Preterm Infants,USA,,University of Minnesota,,Sonya Wang,,"Sonya Wang, Raghavendra Rao",RCT,,,22,NaN,NaN,NaN,28,32,NaN,NaN,NaN,NaN,,,,,,,,,,,,,,,,,,,,,,,,,,,,,,,,,,,,,,,,,,,,,,,,,,2000,NaN,Temporal,,,Temporal,PIPP/PIPP-R,,,,,,,,,,,,,Sonya Wang,Sonya Wang,np,Undocumented,,,Clinical trial registration,OngoingTrial
5579496,Pillai Riddell,2020,Rebooting Infant Pain Assessment: Using Machine Learning to Exponentially Improve Neonatal Intensive Care Unit Practice (BabyAI),CAN,GBR,Mount Sinai Hospital,Elizabeth Garrett Anderson Wing,,,"Rebecca Pillai Riddell, Lorenzo Fabrizi",Observational,Cross-sectional,,400,NaN,NaN,NaN,28,32,NaN,28,38,NaN,Heel lance,,,,,,foot,,,,,,,,,,,,,,,,,,,,,,,,,,,,,,,,,,,,,,,,,,,NaN,NaN,,,,,NFCS,,Heart rate,Oxygen saturation,,,,,,,,,,Rebecca Pillai Riddell,Rebecca Pillai Riddell,np,Undocumented,,,Clinical trial registration,OngoingTrial
115011362,Roué,2025,Objective Detection of Newborn Infant Acute Procedural Pain Using EEG and Machine Learning Algorithms,USA,,Lucile Packard Children's Hospital,,Jean-Michel Roué,Kanwaljeet Anand,Behnood Gholami,Observational,Cross-sectional,,30,NaN,18,12,34,41.7,39,34.8,41.8,39.2,Heel lance,Immunisation,,,,,foot,thigh,,,,,Cap,32-channel Geodesic system,,FCz,T7,P4,Fz,CP5,FC1,TP10,CP6,Cz,F3,F8,P7,P8,FT10,TP9,P3,Fp1,O2,FC6,,,,,,,,,,,,,,,Bipolar,256,NaN,Time-frequency,,,Time-frequency,PIPP/PIPP-R,NFCS,Heart rate,Oxygen saturation,,,,,,,,,,"Behnood Gholami, Kanwaljeet Anand","Behnood Gholami, Kanwaljeet Anand",,,,Roué 2025,Peer-reviewed and published research article,DetailedStudy
115011853,Coviello,2024,Evaluation of the Relationship between Pain Exposure and Somatosensory Evoked Potentials in Preterm Infants: A Prospective Cohort Study,ITA,,Careggi University Hospital of Florence,,Caterina Coviello,Carlo Dani,Caterina Coviello,Observational,Cross-sectional,,86,NaN,49,37,NaN,NaN,27.9,NaN,NaN,39.3,Heel lance,Venepuncture,Central line insertion,Intra-muscular injection,Chest tube,Lumbar puncture,foot,thigh,chest,lumbal,,,,,,C3,C4,Fz,,,,,,,,,,,,,,,,,,,,,,,,,,,,,,,Bipolar,NaN,NaN,Temporal,,,,N-PASS,,SEP,,,,,,,,,,,Caterina Coviello,Caterina Coviello,,Undocumented,,Coviello 2024,Peer-reviewed and published research article,DetailedStudy
115011364,Hohsoh,2025,Quantification electroencephalography response to procedural pain during heel puncture in preterm infants,JPN,,Nagoya City University Hospital,,Nusreena Hohsoh,Kiyoko Yokoyama,Kiyoko Yokoyama,Observational,Cross-sectional,,42,NaN,13,29,NaN,NaN,32.3,NaN,NaN,38.7,Heel lance,,,,,,foot,,,,,,Individual electrodes,10-20 system,,Fp1,Fp2,C3,Cz,C4,O1,O2,T7,T8,A1,A2,,,,,,,,,,,,,,,,,,,,,,,Referential,500,NaN,Temporal,Frequency,Time-frequency,"Temporal, Frequency, Time-frequency",,,,,,,,,,,,,,Kiyoko Yokoyama,Kiyoko Yokoyama,,,,Hohsoh 2025,Peer-reviewed and published research article,DetailedStudy
115011373,Shafiee,2024,Decoding of pain during heel lancing in human neonates with EEG signal and machine learning approach,GBR,,Elizabeth Garrett Anderson Wing,,Reyhane Shafiee,Mohammad Daliri,Mohammad Reza Daliri,Observational,Cross-sectional,,112,0,60,52,NaN,NaN,NaN,29,47,36,Heel lance,,,,,,foot,,,,,,,10-10 system,,,,,,,,,,,,,,,,,,,,,,,,,,,,,,,,,,,Referential,2000,NaN,Time-frequency,,,Time-frequency,PIPP/PIPP-R,,,,,,,,,,,,,Lorenzo Fabrizi,Mohammad Reza Daliri,,Undocumented,,Shafiee 2024,Peer-reviewed and published research article,DetailedStudy
115011370,Aspbury,2024,Establishing a standardised approach for the measurement of neonatal noxious-evoked brain activity in response to an acute somatic nociceptive heel lance stimulus,GBR,,Elizabeth Garrett Anderson Wing,Royal Devon and Exeter Hospital,Marianne Aspbury,Rebeccah Slater,Roshni Mansfield,Observational,Cross-sectional,,151,9,NaN,NaN,NaN,NaN,35.2,NaN,NaN,36.45,Heel lance,,,,,,foot,,,,,,Individual electrodes,Modified 10-20 system,,Cz,CPz,C3,C4,FCz,T7, T8,Oz,Fz,,,,,,,,,,,,,,,,,,,,,,,,,Referential,2000,NaN,Temporal,,,Temporal,,,Heart rate,,,,,,,,,,,Roshni Mansfield,Roshni Mansfield,mixed,Mixed,"Amplitude greater than ±150 mV, greater than 100 mV difference between maximum and minimum baseline amplitude in the pre-stimulus period",Aspbury 2024,Peer-reviewed and published research article,DetailedStudy
115013916,Talebi,2025,A novel channel selection approach for human neonate’s pain EEG data analysis,GBR,,Elizabeth Garrett Anderson Wing,,Safa Talebi,Behzad Tazehkand,Safa Talebi,Observational,Cross-sectional,,18,0,NaN,NaN,NaN,NaN,NaN,NaN,NaN,NaN,Heel lance,,,,,,foot,,,,,,Individual electrodes,Modified 10-10 system,,O1,O2,T7,T8,F7,F3,F4,FCz,F8,P7,P8,TP9,TP10,POz,C3,Cz,C4,CP3,CPz,CP4,Fz,,,,,,,,,,,,,Referential,2000,NaN,Temporal,,,Temporal,PIPP/PIPP-R,,,,,,,,,,,,,Lorenzo Fabrizi,Safa Talebi,,Undocumented,,Talebi 2025,Peer-reviewed and published research article,DetailedStudy
115011376,Marchant,2024,A machine learning artefact detection method for single-channel infant event-related potential studies,GBR,,John Radcliffe Hospital,Royal Devon and Exeter Hospital,Simon Marchant,Rebeccah Slater,Simon Marchant,Observational,Cross-sectional,,268,NaN,NaN,NaN,23,43,NaN,28,43,NaN,Heel lance,,,,,,foot,,,,,,Individual electrodes,Modified 10-10 system,,Fz,Cz,,,,,,,,,,,,,,,,,,,,,,,,,,,,,,,,Referential,2000,NaN,Temporal,,,Temporal,,,,,,,,,,,,,,Simon Marchant,Simon Marchant,,,,Marchant 2024,Peer-reviewed and published research article,DetailedStudy
115011840,Nilsson,2025,Depression of cortical neuronal activity after a low-_ dose fentanyl in preterm infants,SWE,,Skane University Hospital,,Sofie Nilsson,Elisabeth Norman,Sofie Nilsson,Observational,Cross-sectional,,15,NaN,NaN,NaN,23.3,34.1,26.4,NaN,NaN,27.4,Venepuncture,Arterial puncture,Injection of local anaesthetics,,,,,,,,Fentanyl,,Individual electrodes,,,F3,F4,P3,P4,Fz,Cz,,,,,,,,,,,,,,,,,,,,,,,,,,,,"Referential, Bipolar",250,NaN,Temporal,Frequency,,"Temporal, Frequency",,,,,,,,,,,,,,Sofie Nilsson,Sofie Nilsson,mixed,Mixed,,Nilsson 2025,Peer-reviewed and published research article,DetailedStudy
,,,,,,,,,,,,,,,,,,,,,,,,,,,,,,,,,,,,,,,,,,,,,,,,,,,,,,,,,,,,,,,,,,,,,,,,,,,,,,,,,,,,,,,,,,,,,,,,,,,
,,,,,,,,,,,,,,,,,,,,,,,,,,,,,,,,,,,,,,,,,,,,,,,,,,,,,,,,,,,,,,,,,,,,,,,,,,,,,,,,,,,,,,,,,,,,,,,,,,,
,,,,,,,,,,,,,,,,,,,,,,,,,,,,,,,,,,,,,,,,,,,,,,,,,,,,,,,,,,,,,,,,,,,,,,,,,,,,,,,,,,,,,,,,,,,,,,,,,,,
,,,,,,,,,,,37,,,,,,,,,,,,,,,,,,,,,,,,,,,,,,,,,,,,,,,,,,,,,,,,,,,,,,,,,,,,,,,,,,,,,,,,,,,,,,,,,,,,,,,,
,,,,,,,,,,,7,,,,,,,,,,,,,,,,,,,,,,,,,,,,,,,,,,,,,,,,,,,,,,,,,,,,,,,,,,,,,,,,,,,,,,,,,,,,,,,,,,,,,,,,